[
    {
        "id": 0,
        "username": "Soginboyev Oybek",
        "lastMessage": "key={productItem}",
        "image": "https://encrypted-tbn0.gstatic.com/images?q=tbn:ANd9GcQbnxlR6bxMYeS7ilYQI1A9FfBfybDCKCoWbw&usqp=CAU"
    },
    {
        "id": 1,
        "username": "Eldorbek oxunov",
        "lastMessage": "hello bro",
        "image": "https://encrypted-tbn0.gstatic.com/images?q=tbn:ANd9GcSN_iqGNdD4GH3TF01wwe0LgIwgwl7pODjSEg&usqp=CAU"
    },
    {
        "id": 2,
        "username": "Gulomjonov Shohruzbek",
        "lastMessage": "please install",
        "image": "https://encrypted-tbn0.gstatic.com/images?q=tbn:ANd9GcSN_iqGNdD4GH3TF01wwe0LgIwgwl7pODjSEg&usqp=CAU"
    },
    {
        "id": 3,
        "username": "Soginboyev Oybek",
        "lastMessage": "key={productItem}",
        "image": "https://encrypted-tbn0.gstatic.com/images?q=tbn:ANd9GcQbnxlR6bxMYeS7ilYQI1A9FfBfybDCKCoWbw&usqp=CAU"
    },
    {
        "id": 4,
        "username": "Eldorbek oxunov",
        "lastMessage": "hello bro",
        "image": "https://encrypted-tbn0.gstatic.com/images?q=tbn:ANd9GcSN_iqGNdD4GH3TF01wwe0LgIwgwl7pODjSEg&usqp=CAU"
    },
    {
        "id": 5,
        "username": "Gulomjonov Shohruzbek",
        "lastMessage": "please install",
        "image": "https://encrypted-tbn0.gstatic.com/images?q=tbn:ANd9GcSN_iqGNdD4GH3TF01wwe0LgIwgwl7pODjSEg&usqp=CAU"
    },
    {
        "id": 6,
        "username": "Soginboyev Oybek",
        "lastMessage": "key={productItem}",
        "image": "https://encrypted-tbn0.gstatic.com/images?q=tbn:ANd9GcQbnxlR6bxMYeS7ilYQI1A9FfBfybDCKCoWbw&usqp=CAU"
    },
    {
        "id": 7,
        "username": "Eldorbek oxunov",
        "lastMessage": "hello bro",
        "image": "https://encrypted-tbn0.gstatic.com/images?q=tbn:ANd9GcSN_iqGNdD4GH3TF01wwe0LgIwgwl7pODjSEg&usqp=CAU"
    },
    {
        "id": 8,
        "username": "Gulomjonov Shohruzbek",
        "lastMessage": "please install",
        "image": "https://encrypted-tbn0.gstatic.com/images?q=tbn:ANd9GcSN_iqGNdD4GH3TF01wwe0LgIwgwl7pODjSEg&usqp=CAU"
    },
    {
        "id": 9,
        "username": "Soginboyev Oybek",
        "lastMessage": "key={productItem}",
        "image": "https://encrypted-tbn0.gstatic.com/images?q=tbn:ANd9GcQbnxlR6bxMYeS7ilYQI1A9FfBfybDCKCoWbw&usqp=CAU"
    },
    {
        "id": 10,
        "username": "Eldorbek oxunov",
        "lastMessage": "hello bro",
        "image": "https://encrypted-tbn0.gstatic.com/images?q=tbn:ANd9GcSN_iqGNdD4GH3TF01wwe0LgIwgwl7pODjSEg&usqp=CAU"
    },
    {
        "id": 11,
        "username": "Gulomjonov Shohruzbek",
        "lastMessage": "please install",
        "image": "https://encrypted-tbn0.gstatic.com/images?q=tbn:ANd9GcSN_iqGNdD4GH3TF01wwe0LgIwgwl7pODjSEg&usqp=CAU"
    },
    {
        "id": 12,
        "username": "Gulomjonov Shohruzbek",
        "lastMessage": "please install",
        "image": "https://encrypted-tbn0.gstatic.com/images?q=tbn:ANd9GcSN_iqGNdD4GH3TF01wwe0LgIwgwl7pODjSEg&usqp=CAU"
    },
    {
        "id": 13,
        "username": "Soginboyev Oybek",
        "lastMessage": "key={productItem}",
        "image": "https://encrypted-tbn0.gstatic.com/images?q=tbn:ANd9GcQbnxlR6bxMYeS7ilYQI1A9FfBfybDCKCoWbw&usqp=CAU"
    },
    {
        "id": 14,
        "username": "Eldorbek oxunov",
        "lastMessage": "hello bro",
        "image": "https://encrypted-tbn0.gstatic.com/images?q=tbn:ANd9GcSN_iqGNdD4GH3TF01wwe0LgIwgwl7pODjSEg&usqp=CAU"
    },
    {
        "id": 15,
        "username": "Gulomjonov Shohruzbek",
        "lastMessage": "please install",
        "image": "https://encrypted-tbn0.gstatic.com/images?q=tbn:ANd9GcSN_iqGNdD4GH3TF01wwe0LgIwgwl7pODjSEg&usqp=CAU"
    }
]